Crowd,Av_Best,Peak_Best,Eff_1,Std,Av_Dist,Equals
0,8.89994626642731,8.14683487637194,0.715087123571389,0.657126660872138,29.8480269387755,247.271666666667
1,10.3008773671007,8.94292416431329,0.661283639505431,0.913267203925419,59.6410821768707,0.475666666666667
