Crowd,Av_Best,Peak_Best,Std,Av_Dist,Equals
0,8.86006943291049,8.29790070324562,0.657020785405827,30.5031657142857,237.037
1,10.3438869758055,8.64725046791724,0.924691189817173,59.787897414966,0.437
