Crowd,Av_Best,Peak_Best,Std,Av_Dist,Equals
0,3.41223046086097,3.34995426765462,0.245638636725689,5.56649959183673,570.386333333333
1,3.35336465046537,3.34995426765462,0.192242603267201,11.6084557823129,17.7266666666667
