Crowd,Av_Best,Peak_Best,Eff_1,Std,Av_Dist,Equals
0,4.80521406122586,4.38305577160844,1.39581200145952,0.471839979713887,20.1510340136054,309.322666666667
1,5.24027400958248,4.7941504480166,1.31424270603433,0.525433430854163,38.8915858503401,1.124
