Crowd,Av_Best,Peak_Best,Eff_1,Std,Av_Dist,Equals
0,3.42422615324261,3.34995426765462,2.80885058888484,0.249132997291058,6.14929523809524,502.696333333333
1,3.37172351586053,3.34995426765462,2.77603978578118,0.190176758742098,11.5781986394558,18.1273333333333
