Crowd,Av_Best,Peak_Best,Eff_1,Std,Av_Dist,Equals
0,8.68020827733402,8.15216080814733,0.765056636980926,0.506811307509501,59.9174838095238,140.165666666667
1,9.9951206665946,9.53101588304608,0.712910498801643,0.593119891011313,107.589060680272,0.305
