,PR_CROSS,PR_MUT,CROSS,MUT,CritSum
391,0.8789504387567579,0.15855037840975,cross_sequential_constructive,mut_RSM,3.842972731722197
390,0.787475325541648,0.147115619526805,cross_sequential_constructive,mut_RSM,3.812966477553468
395,0.910126869251182,0.0299440999294414,cross_sequential_constructive,mut_RSM,3.811016352068706
