Last_gen,Av_Best,StopCrit
37,3.61593530548439,Crit1
1001,3.35742270671197,Crit2
150,3.40563215628492,Crit3
43,3.52087835577335,Crit4
63,3.38621258678326,Crit5
