Last_gen,Av_Best,StopCrit
74,8.72765222291256,Crit1
80,8.38178960519319,Crit2
150,6.6870706080677,Crit3
1001,4.55609825198624,Crit4
206,6.03084783158169,Crit5
