Last_gen,Av_Best,StopCrit
69,21.4012386766253,Crit1
94,19.8506705766805,Crit2
150,18.0490009499464,Crit3
1001,9.22214342423236,Crit4
215,16.5331557840706,Crit5
