Last_gen,Av_Best,StopCrit
38,3.52027995907111,Crit1
25,3.68382978343913,Crit2
150,3.39579288375191,Crit3
46,3.48315072147338,Crit4
68,3.42454502388526,Crit5
