Last_gen,Av_Best,StopCrit
100,17.793747379679,Crit1
77,18.8487835423425,Crit2
150,15.3064463038366,Crit3
1001,7.59852159683751,Crit4
240,12.8356917987776,Crit5
