Test_id,Av_Best_eq,Last_eq,Av_Best_div,Last_div
1,3.46008197145708,61,3.40314466268676,100
2,3.45659714827553,58,3.43684663221816,96
3,3.43586720260637,59,3.42653867797092,96
4,3.49357556243791,49,3.6150106277421,87
5,3.50998422059776,53,3.60595821064199,87
6,3.44237731208749,65,3.58362157950754,87
7,3.50395153751016,53,3.44449671074863,100
8,3.47854653586021,62,3.65511232161059,78
9,3.51901707005635,51,3.48622825638822,96
10,3.48949527038247,53,3.46433370582227,96
