Imp,Av_Best,Epochs,Time
impr3,974.409058571283,80,0.2995754
