Imp,Av_Best,Peak_Best,Eff_1,NImprovements
impr1,687.093345156294,659.816151699599,0.000104989818447383,26181
impr2,699.778456567865,677.713249274862,9.97168228611637e-05,20865
impr3,678.501729040188,669.446299922262,0.000106678893598746,22224
impr4,701.793899001985,679.240889508398,0.000101947325681793,15415
impr5,684.469568240049,659.816151699599,0.000114881436542401,20220
,705.840639537251,659.816151699599,9.50349013083406e-05,0
