Imp,Av_Best,Epochs,Time
impr3,2813.61271809583,265,2.9467364
