Imp,Av_Best,Epochs,Time
impr3,3506.10956729511,688,47.8544468
