Imp,Av_Best,Epochs,Time
impr3,4164.2872535538,327,7.7436732
