Imp,Av_Best,Epochs,Time
impr3,1046.17816312525,87.5,0.3052492
impr5,1056.13583930021,11.5,0.8844619
,859.385715400328,220,0.27257305
