Imp,Av_Best,Peak_Best,Eff_1,NImprovements
impr1,10826.7595955698,9710.9926606516,4.78588178300779e-06,75000
impr2,9988.20786515198,9395.09266735974,4.6291572355529e-06,75000
impr3,7109.54167348211,5670.78603181866,5.88808658719841e-06,74989
impr4,4641.39751971763,4287.25084335092,9.26036025317455e-06,39525
impr5,3599.9837253533,3553.42502877537,1.67751194168649e-05,21687
,10223.4053887223,8793.97497948182,4.64799470633448e-06,0
