Imp,Av_Best,Peak_Best,Eff_1,NImprovements
impr1,4387.7799298762,3895.23232182385,1.21005607931504e-05,75000
impr2,4227.38183116835,3494.90124635887,1.1610411330181e-05,73838
impr3,3169.56189807925,2789.02577822168,1.35483156827481e-05,74801
impr4,2423.14260722902,2161.14195020942,1.91144508154652e-05,34817
impr5,1844.47465184247,1791.81612312955,3.35757514882204e-05,20981
,4383.92905677317,3847.62438401903,1.14770358259255e-05,0
