Imp,Av_Best,Peak_Best,Eff_1,NImprovements
impr1,782.990281247833,700.234473948274,6.90873212979532e-05,63960
impr2,848.286144254165,790.638629738583,6.6451258480396e-05,47573
impr3,638.16290762094,609.542532105779,7.14109754901467e-05,62516
impr4,694.771627327336,662.160699900445,7.98813477907197e-05,28083
impr5,636.842035916959,617.574136187136,0.000109606250894755,30781
,909.757398230915,800.173867018584,6.30411524800277e-05,0
