Imp,Av_Best,Epochs,Time
impr3,1833.35354523634,25639,524.2245239
