,PR_CROSS,PR_MUT,CROSS,MUT,CritSum
391,0.8663308416520359,0.0543012109955042,cross_sequential_constructive,mut_RSM,3.842972731722197
390,0.993915356297104,0.0528588301566137,cross_sequential_constructive,mut_RSM,3.812966477553468
395,0.794182422784157,0.164112265671836,cross_sequential_constructive,mut_RSM,3.811016352068706
