CROSS,MUT,PR_CROSS,PR_MUT,Av_Best,Peak_Best,Fit_var,Eff_1
3,1,0.502707983682593,0.103472325935468,5.68176696565828,5.68176696565828,0,0.02
1,1,0.502707983682593,0.103472325935468,4.46507846569988,4.46507846569988,0,0.02
2,1,0.502707983682593,0.103472325935468,5.7675398130109,5.7675398130109,0,0.02
