ELITIST,PR_CROSS,PR_MUT
0.139749385115973,0.565567730133944,0.33800836913239396
0.139749385115973,0.6305199571627521,0.189580093608053
0.13593257499297398,0.565567730133944,0.18943696637463397
