Imp,Av_Best,Epochs,Time
impr3,2824.16814793815,680,43.6031097
