Imp,Av_Best,Epochs,Time
impr3,5240.04572485241,329.5,9.35902775
impr5,6056.7713820147,15,33.8633476
,4725.61505819693,1386,7.22070915
