Imp,Av_Best,Peak_Best,Eff_1,NImprovements
impr1,8726.94662893055,7201.9926716632,6.00115228164983e-06,75000
impr2,8022.30339372918,7462.34913936353,5.81874200881787e-06,75000
impr3,5752.30730453436,5286.40382450065,7.29236762564269e-06,74984
impr4,3887.44531631228,3709.45486632466,1.13064594861087e-05,38031
impr5,2922.89788983574,2809.68304151824,2.11055482125124e-05,20391
,7949.38049860082,6918.21596769422,5.82446329023389e-06,0
