Imp,Av_Best,Epochs,Time
impr3,2667.11385733754,251,2.63976085
impr5,3250.33595856528,18,13.4677583
,2461.1566738294,1080,2.2386595
