Imp,Av_Best,Epochs,Time
impr3,4140.93924319482,279,7.0987143
impr5,5327.63756205569,15,29.01521495
,3819.41794961044,1274.5,5.3202776
