Imp,Av_Best,Epochs,Time
impr3,4991.27782413855,344,9.1676345
