Imp,Av_Best,Epochs,Time
impr3,647.969803342441,161,0.6733267
