Imp,Av_Best,Peak_Best,NImprovements
impr1,6.82200737746437,6.42740202044367,197709
impr2,6.9336000099084,6.33035615436465,191144
impr3,6.24130461894927,6.01649512552912,163260
impr4,8.18674647968827,7.52466823849448,34575
impr5,8.55747595290252,7.61003246794548,9053
,6.58882141500448,6.20480544840929,0
