Imp,Av_Best,Peak_Best,Eff_1,NImprovements
impr1,3.36170281819943,3.34995426765462,2.90415630562884,34096
impr2,3.37814465609874,3.34995426765462,2.88150140827698,33606
impr3,3.35697153970107,3.34995426765462,2.90742958616481,45543
impr4,3.38810272873876,3.34995426765462,2.83234005932097,26925
impr5,3.36857250272638,3.34995426765462,2.89958114112495,50161
,3.40017748743777,3.34995426765462,2.79934820710369,0
