Imp,Av_Best,Peak_Best,NImprovements
impr1,4.39337574148504,4.3297709737575,117327
impr2,4.46539851636387,4.36822166226004,149290
impr3,4.44544376041396,4.32727949100895,63755
impr4,4.52369209238529,4.35936603117542,41397
impr5,4.6944911117659,4.42129815617368,21679
,4.51421301402532,4.38733745877043,0
