Imp,Av_Best,Peak_Best,NImprovements
impr1,3.34995426765462,3.34995426765462,159346
impr2,3.38298710575492,3.34995426765462,153246
impr3,3.34995426765462,3.34995426765462,148803
impr4,3.36123629920987,3.34995426765462,58104
impr5,3.35934961332215,3.34995426765462,69390
,3.37482781676047,3.34995426765462,0
