,ELITIST,PR_CROSS,PR_MUT,CritSum
382,0.139749385115973,0.565567730133944,0.33800836913239396,3.2817525147961124
254,0.139749385115973,0.6305199571627521,0.189580093608053,3.268534283579489
836,0.13593257499297398,0.565567730133944,0.18943696637463397,3.2656487026723084
