,ELITIST,PR_CROSS,PR_MUT,Av_Best,CritSum
382,0.139749385115973,0.565567730133944,0.33800836913239396,22.3236836176252,3.2817525147961124
254,0.139749385115973,0.6305199571627521,0.189580093608053,22.562492267452804,3.268534283579489
836,0.13593257499297398,0.565567730133944,0.18943696637463397,22.239450460114302,3.2656487026723084
