Last_gen,Av_Best,StopCrit
151,17.7972975238491,Crit1
25,24.1114392654102,Crit2
94,19.909291187763,Crit3
151,17.7030823950168,Crit4
149,18.0659974374684,Crit5
