Last_gen,Av_Best,StopCrit
151,18.2149397516721,Crit1
25,24.4228666408764,Crit2
104,19.9351710279944,Crit3
151,18.1721849113085,Crit4
144,18.2173666367185,Crit5
