Last_gen,Av_Best,StopCrit
151,17.909730417724,Crit1
25,24.4722851333315,Crit2
101,19.8999132037045,Crit3
151,18.2062703731985,Crit4
149,18.0888864348796,Crit5
